model_type,product,organism,reference,strategy,total_product,P_final,V_final,X_final,S_final,avg_mu,t_feed,qp_unit,param_F0,param_mu_set,param_k,param_F1,param_F2,param_t_switch,param_F_pulse,param_T_cycle,param_duty,param_mu_target,param_Kp
bell_shaped,EPG (Polygalacturonase),S. cerevisiae,Glauche et al. (2017),exponential,2325435.9362311563,535466.239034946,4.342824564294132,156.25700435552963,0.03041125856601866,0.10581725382279197,11.577612247814045,U/(g*h),0.007879172164875381,0.09232865164194652,,,,,,,,,
bell_shaped,Fab 3H6 (PGAP),P. pastoris,Maurer et al. (2006) / Garcia-Ortega et al. (2019),exponential,76533.95771602569,19077.16382360045,4.011810058544717,137.38893383783957,0.025140315549821175,0.10322021775831751,22.530187765072675,mg/(g*h),0.016860304997489278,0.06244067378031867,,,,,,,,,
bell_shaped,"ROL (Rhizopus oryzae Lipase, PAOX1)",P. pastoris,Garcia-Ortega et al. (2016) / Canales et al. (2015),exponential,302804.06035296945,74873.32473815627,4.0442181699814,137.73578170855959,0.013868945697067097,0.10348448678170415,22.530187405755726,AU/(g*h),0.03774075019197488,0.03175209098277517,,,,,,,,,
hyperbolic,"Crl1 Lipase (MCC, PGAP)",P. pastoris,Nieto-Taype et al. (2020),linear_ramp,728197.4956587076,177199.3413695936,4.109481954223912,138.40742968331932,0.01311133034802275,0.10400702043146881,22.53018574165264,AU/(g*h),0.02417984004597679,,0.002677860440253323,,,,,,,,
hyperbolic,HSA (Human Serum Albumin),P. pastoris,Rebnegger et al. (2014),linear_ramp,44496.707025285934,11104.925356506305,4.0069343644183615,137.3425138584762,0.015181370388337365,0.10318018372889488,22.53018880671868,mg/(g*h),0.007928724865608722,,0.003362231682059045,,,,,,,,
hyperbolic,alpha-Galactosidase,S. cerevisiae,Giuseppin et al. (1993) / Hensing et al. (1995),linear_ramp,206116.19364641947,51104.67898961104,4.033215700040311,152.9120055399684,0.008814832934476853,0.10342438665474625,11.577609753044976,U/(g*h),0.05174130725404798,,0.0012044542623289925,,,,,,,,
linear,"Crl1 Lipase (SCC, PGAP)",P. pastoris,Nieto-Taype et al. (2020),exponential,166600.21166686152,41421.72530365297,4.022049068346487,137.47993494651195,0.058919686323353516,0.10329755353704453,22.530183464992444,AU/(g*h),0.0043221698419902005,0.1085646408787269,,,,,,,,,
linear,Heterologous Protein (HIP),S. cerevisiae,Liu et al. (2013),pulsed,10878.515054889744,2720.8376362486097,3.9982227935837575,152.50349905059207,8.993497910450752e-10,0.10313505458008398,11.57760837884656,mg/(g*h),,,,,,,0.8333265340497265,2.418888759239114,0.08749524678798665,,
linear,Resveratrol,S. cerevisiae,Vos et al. (2015),exponential,95.15582257259439,23.78892127363276,4.000005779079336,152.50108067993168,0.043493781906066516,0.10314305906448254,11.577610341773607,mmol/(g*h),0.002769625119251703,0.12235848979578116,,,,,,,,,
